"","sample_name","treatment","genus","plug_label","time_point","plate","group","sum","props","adj"
"1","S1_CheDhe_14.2-72","CheDhe","Cladocopium","S1","S1","plate_4","group12",27,1e-05,0
"2","S1_CheDhe_21.2-75","CheDhe","Cladocopium","S1","S1","plate_4","group12",376,0.06,349
"3","S1_CheDhe_21.3-76","CheDhe","Cladocopium","S1","S1","plate_4","group12",639,0.12,612
"4","S1_CheDwt_12.3-82","CheDwt","Cladocopium","S1","S1","plate_4","group10",63,0.04,36
"5","S1_CheDwt_29.1-83","CheDwt","Cladocopium","S1","S1","plate_4","group10",32,0.01,5
"6","S1_CheDwt_29.3-85","CheDwt","Cladocopium","S1","S1","plate_4","group10",149,0.04,122
"7","S1_CheDwt_5.1-86","CheDwt","Cladocopium","S1","S1","plate_4","group10",68,0.03,41
"8","S1_CheDwt_5.3-88","CheDwt","Cladocopium","S1","S1","plate_4","group10",134,0.04,107
"9","S1_CwtDhe_1.2-99","CwtDhe","Cladocopium","S1","S1","plate_4","group12",136,0.11,109
"10","S1_CwtDhe_1.3-100","CwtDhe","Cladocopium","S1","S1","plate_4","group12",57,0.03,30
"11","S1_CwtDhe_11.1-101","CwtDhe","Cladocopium","S1","S1","plate_4","group12",525,0.07,498
"12","S1_CwtDhe_11.3-103","CwtDhe","Cladocopium","S1","S1","plate_4","group12",396,0.1,369
"13","S1_CwtDhe_23.2-105","CwtDhe","Cladocopium","S1","S1","plate_4","group12",175,0.03,148
"14","S1_CwtDhe_23.3-106","CwtDhe","Cladocopium","S1","S1","plate_4","group12",371,0.2,344
"15","S1_CwtDwt_13.1-107","CwtDwt","Cladocopium","S1","S1","plate_4","group10",9,1e-05,0
"16","S1_CwtDwt_13.2-108","CwtDwt","Cladocopium","S1","S1","plate_4","group10",232,0.03,205
"17","S1_CwtDwt_13.3-109","CwtDwt","Cladocopium","S1","S1","plate_4","group10",85,0.01,58
"18","S1_CwtDwt_26.1-110","CwtDwt","Cladocopium","S1","S1","plate_4","group10",20,1e-05,0
"19","S1_CwtDwt_26.3-112","CwtDwt","Cladocopium","S1","S1","plate_4","group10",33,1e-05,6
"20","S1_CwtDwt_8.2-114","CwtDwt","Cladocopium","S1","S1","plate_4","group10",36,1e-05,9
"21","S1_CwtDwt_8.3-115","CwtDwt","Cladocopium","S1","S1","plate_4","group10",113,0.01,86
"22","S2_CheDhe_14.1-143","CheDhe","Cladocopium","S2","S2","plate_5","group16",171,0.01,83
"23","S2_CheDhe_14.2-144","CheDhe","Cladocopium","S2","S2","plate_5","group16",116,0.01,28
"24","S2_CheDhe_14.3-145","CheDhe","Cladocopium","S2","S2","plate_5","group16",212,0.01,124
"25","S2_CheDhe_21.2-147","CheDhe","Cladocopium","S2","S2","plate_5","group16",207,0.07,119
"26","S2_CheDhe_21.3-148","CheDhe","Cladocopium","S2","S2","plate_5","group16",153,0.02,65
"27","S2_CheDhe_6.1-149","CheDhe","Cladocopium","S2","S2","plate_5","group16",708,0.07,620
"28","S2_CheDhe_6.2-150","CheDhe","Cladocopium","S2","S2","plate_5","group16",1638,0.12,1550
"29","S2_CheDhe_6.3-151","CheDhe","Cladocopium","S2","S2","plate_5","group16",265,0.05,177
"30","S2_CheDwt_28.1-152","CheDwt","Cladocopium","S2","S2","plate_5","group14",12,1e-05,0
"31","S2_CheDwt_28.2-153","CheDwt","Cladocopium","S2","S2","plate_5","group14",390,0.12,302
"32","S2_CheDwt_29.1-155","CheDwt","Cladocopium","S2","S2","plate_5","group14",67,1e-05,0
"33","S2_CheDwt_29.2-156","CheDwt","Cladocopium","S2","S2","plate_5","group14",284,0.01,196
"34","S2_CheDwt_29.3-157","CheDwt","Cladocopium","S2","S2","plate_5","group14",20,1e-05,0
"35","S2_CheDwt_5.3-160","CheDwt","Cladocopium","S2","S2","plate_5","group14",74,1e-05,0
"36","S2_CwtDhe_1.1-170","CwtDhe","Cladocopium","S2","S2","plate_5","group16",796,0.11,708
"37","S2_CwtDhe_1.2-171","CwtDhe","Cladocopium","S2","S2","plate_5","group16",387,0.07,299
"38","S2_CwtDhe_11.1-173","CwtDhe","Cladocopium","S2","S2","plate_4","group16",10,1e-05,0
"39","S2_CwtDhe_11.2-174","CwtDhe","Cladocopium","S2","S2","plate_4","group16",768,0.08,680
"40","S2_CwtDhe_11.3-175","CwtDhe","Cladocopium","S2","S2","plate_5","group16",379,0.09,291
"41","S2_CwtDhe_23.1-176","CwtDhe","Cladocopium","S2","S2","plate_4","group16",77,1e-05,0
"42","S2_CwtDhe_23.2-177","CwtDhe","Cladocopium","S2","S2","plate_4","group16",603,0.11,515
"43","S2_CwtDhe_23.3-178","CwtDhe","Cladocopium","S2","S2","plate_4","group16",342,0.04,254
"44","S2_CwtDwt_26.2-180","CwtDwt","Cladocopium","S2","S2","plate_4","group14",87,1e-05,0
"45","S2_CwtDwt_26.3-181","CwtDwt","Cladocopium","S2","S2","plate_4","group14",17,1e-05,0
"46","S2_CwtDwt_27.1-182","CwtDwt","Cladocopium","S2","S2","plate_4","group14",57,1e-05,0
"47","S2_CwtDwt_27.3-184","CwtDwt","Cladocopium","S2","S2","plate_4","group14",53,1e-05,0
"48","S2_CwtDwt_8.1-185","CwtDwt","Cladocopium","S2","S2","plate_4","group14",7,1e-05,0
"49","S2_CwtDwt_8.3-187","CwtDwt","Cladocopium","S2","S2","plate_4","group14",69,1e-05,0
"50","S3_CheDhe_14.1-215","CheDhe","Cladocopium","S3.2","S3","plate_5","group8",779,0.06,651
"51","S3_CheDhe_14.2-216","CheDhe","Cladocopium","S3.2","S3","plate_5","group8",2473,0.16,2345
"52","S3_CheDhe_14.3-217","CheDhe","Cladocopium","S3.2","S3","plate_5","group8",21,1e-05,0
"53","S3_CheDhe_21.1-218","CheDhe","Cladocopium","S3.2","S3","plate_6","group8",304,0.02,176
"54","S3_CheDhe_21.3-220","CheDhe","Cladocopium","S3.2","S3","plate_6","group8",1701,0.07,1573
"55","S3_CheDhe_6.1-221","CheDhe","Cladocopium","S3.1","S3","plate_5","group4",1294,0.07,1277
"56","S3_CheDhe_6.2-222","CheDhe","Cladocopium","S3.1","S3","plate_5","group4",979,0.07,962
"57","S3_CheDhe_6.3-223","CheDhe","Cladocopium","S3.1","S3","plate_5","group4",652,0.16,635
"58","S3_CheDwt_12.1-224","CheDwt","Cladocopium","S3.2","S3","plate_6","group6",29,1e-05,0
"59","S3_CheDwt_12.2-225","CheDwt","Cladocopium","S3.2","S3","plate_6","group6",252,0.01,124
"60","S3_CheDwt_29.1-227","CheDwt","Cladocopium","S3.2","S3","plate_5","group6",401,0.02,273
"61","S3_CheDwt_29.2-228","CheDwt","Cladocopium","S3.2","S3","plate_5","group6",60,1e-05,0
"62","S3_CheDwt_29.3-229","CheDwt","Cladocopium","S3.2","S3","plate_5","group6",747,0.08,619
"63","S3_CheDwt_5.1-230","CheDwt","Cladocopium","S3.1","S3","plate_5","group2",14,1e-05,0
"64","S3_CheDwt_5.2-231","CheDwt","Cladocopium","S3.1","S3","plate_5","group2",166,0.01,149
"65","S3_CheDwt_5.3-232","CheDwt","Cladocopium","S3.1","S3","plate_5","group2",29,0.01,12
"66","S3_CwtDhe_11.2-243","CwtDhe","Cladocopium","S3.1","S3","plate_5","group4",188,0.03,171
"67","S3_CwtDhe_15.1-245","CwtDhe","Cladocopium","S3.2","S3","plate_6","group8",137,1e-05,9
"68","S3_CwtDhe_15.3-247","CwtDhe","Cladocopium","S3.2","S3","plate_6","group8",159,1e-05,31
"69","S3_CwtDhe_23.1-248","CwtDhe","Cladocopium","S3.2","S3","plate_6","group8",183,0.01,55
"70","S3_CwtDhe_23.2-249","CwtDhe","Cladocopium","S3.2","S3","plate_6","group8",78,1e-05,0
"71","S3_CwtDhe_23.3-250","CwtDhe","Cladocopium","S3.2","S3","plate_6","group8",164,1e-05,36
"72","S3_CwtDwt_26.1-251","CwtDwt","Cladocopium","S3.2","S3","plate_6","group6",40,1e-05,0
"73","S3_CwtDwt_26.2-252","CwtDwt","Cladocopium","S3.2","S3","plate_6","group6",128,1e-05,0
"74","S3_CwtDwt_27.1-254","CwtDwt","Cladocopium","S3.2","S3","plate_5","group6",126,1e-05,0
"75","S3_CwtDwt_27.2-255","CwtDwt","Cladocopium","S3.2","S3","plate_5","group6",188,0.01,60
"76","S3_CwtDwt_8.3-259","CwtDwt","Cladocopium","S3.1","S3","plate_5","group2",125,0.01,108
