"","Treatment","Tank","Day","count","count_alive","survival"
"1","CHE","T20",11,30,30,1
"2","CHE","T20",18,30,28,0.933333333333333
"3","CHE","T20",24,30,25,0.833333333333333
"4","CHE","T20",38,30,23,0.766666666666667
"5","CHE","T20",46,30,23,0.766666666666667
"6","CHE","T20",54,30,23,0.766666666666667
"7","CHE","T20",60,30,23,0.766666666666667
"8","CHE","T20",67,30,23,0.766666666666667
"9","CHE","T20",70,30,21,0.7
"10","CHE","T22",11,42,42,1
"11","CHE","T22",18,42,41,0.976190476190476
"12","CHE","T22",24,42,37,0.880952380952381
"13","CHE","T22",38,42,34,0.80952380952381
"14","CHE","T22",46,42,34,0.80952380952381
"15","CHE","T22",54,42,34,0.80952380952381
"16","CHE","T22",60,42,34,0.80952380952381
"17","CHE","T22",67,42,34,0.80952380952381
"18","CHE","T22",70,42,32,0.761904761904762
"19","CHE","T30",11,46,46,1
"20","CHE","T30",18,46,43,0.934782608695652
"21","CHE","T30",24,46,33,0.717391304347826
"22","CHE","T30",38,46,21,0.456521739130435
"23","CHE","T30",46,46,21,0.456521739130435
"24","CHE","T30",54,46,21,0.456521739130435
"25","CHE","T30",60,46,21,0.456521739130435
"26","CHE","T30",67,46,21,0.456521739130435
"27","CHE","T30",70,46,16,0.347826086956522
"28","CHE","T7",11,41,41,1
"29","CHE","T7",18,41,38,0.926829268292683
"30","CHE","T7",24,41,31,0.75609756097561
"31","CHE","T7",38,41,27,0.658536585365854
"32","CHE","T7",46,41,27,0.658536585365854
"33","CHE","T7",54,41,26,0.634146341463415
"34","CHE","T7",60,41,25,0.609756097560976
"35","CHE","T7",67,41,24,0.585365853658537
"36","CHE","T7",70,41,24,0.585365853658537
"37","CHE+DHE","T14",11,107,107,1
"38","CHE+DHE","T14",18,107,90,0.841121495327103
"39","CHE+DHE","T14",24,107,89,0.831775700934579
"40","CHE+DHE","T14",38,107,87,0.813084112149533
"41","CHE+DHE","T14",46,107,86,0.803738317757009
"42","CHE+DHE","T14",54,107,64,0.598130841121495
"43","CHE+DHE","T14",60,107,64,0.598130841121495
"44","CHE+DHE","T14",67,107,64,0.598130841121495
"45","CHE+DHE","T14",70,107,62,0.579439252336449
"46","CHE+DHE","T21",11,44,44,1
"47","CHE+DHE","T21",18,44,41,0.931818181818182
"48","CHE+DHE","T21",24,44,39,0.886363636363636
"49","CHE+DHE","T21",38,44,33,0.75
"50","CHE+DHE","T21",46,44,26,0.590909090909091
"51","CHE+DHE","T21",54,44,26,0.590909090909091
"52","CHE+DHE","T21",60,44,26,0.590909090909091
"53","CHE+DHE","T21",67,44,26,0.590909090909091
"54","CHE+DHE","T21",70,44,24,0.545454545454545
"55","CHE+DHE","T6",11,60,60,1
"56","CHE+DHE","T6",18,60,49,0.816666666666667
"57","CHE+DHE","T6",24,60,46,0.766666666666667
"58","CHE+DHE","T6",38,60,40,0.666666666666667
"59","CHE+DHE","T6",46,60,40,0.666666666666667
"60","CHE+DHE","T6",54,60,26,0.433333333333333
"61","CHE+DHE","T6",60,60,26,0.433333333333333
"62","CHE+DHE","T6",67,60,26,0.433333333333333
"63","CHE+DHE","T6",70,60,26,0.433333333333333
"64","CHE+DWT","T12",11,49,49,1
"65","CHE+DWT","T12",18,49,37,0.755102040816326
"66","CHE+DWT","T12",24,49,32,0.653061224489796
"67","CHE+DWT","T12",38,49,13,0.26530612244898
"68","CHE+DWT","T12",46,49,13,0.26530612244898
"69","CHE+DWT","T12",54,49,13,0.26530612244898
"70","CHE+DWT","T12",60,49,13,0.26530612244898
"71","CHE+DWT","T12",67,49,13,0.26530612244898
"72","CHE+DWT","T12",70,49,11,0.224489795918367
"73","CHE+DWT","T28",11,31,31,1
"74","CHE+DWT","T28",18,31,26,0.838709677419355
"75","CHE+DWT","T28",24,31,13,0.419354838709677
"76","CHE+DWT","T28",38,31,10,0.32258064516129
"77","CHE+DWT","T28",46,31,10,0.32258064516129
"78","CHE+DWT","T28",54,31,10,0.32258064516129
"79","CHE+DWT","T28",60,31,10,0.32258064516129
"80","CHE+DWT","T28",67,31,10,0.32258064516129
"81","CHE+DWT","T28",70,31,9,0.290322580645161
"82","CHE+DWT","T29",11,74,74,1
"83","CHE+DWT","T29",18,74,57,0.77027027027027
"84","CHE+DWT","T29",24,74,46,0.621621621621622
"85","CHE+DWT","T29",38,74,31,0.418918918918919
"86","CHE+DWT","T29",46,74,31,0.418918918918919
"87","CHE+DWT","T29",54,74,31,0.418918918918919
"88","CHE+DWT","T29",60,74,31,0.418918918918919
"89","CHE+DWT","T29",67,74,31,0.418918918918919
"90","CHE+DWT","T29",70,74,29,0.391891891891892
"91","CHE+DWT","T5",11,79,79,1
"92","CHE+DWT","T5",18,79,59,0.746835443037975
"93","CHE+DWT","T5",24,79,54,0.683544303797468
"94","CHE+DWT","T5",38,79,37,0.468354430379747
"95","CHE+DWT","T5",46,79,37,0.468354430379747
"96","CHE+DWT","T5",54,79,37,0.468354430379747
"97","CHE+DWT","T5",60,79,37,0.468354430379747
"98","CHE+DWT","T5",67,79,37,0.468354430379747
"99","CHE+DWT","T5",70,79,35,0.443037974683544
"100","CWT+DHE","T1",11,34,34,1
"101","CWT+DHE","T1",18,34,28,0.823529411764706
"102","CWT+DHE","T1",24,34,26,0.764705882352941
"103","CWT+DHE","T1",38,34,17,0.5
"104","CWT+DHE","T1",46,34,16,0.470588235294118
"105","CWT+DHE","T1",54,34,15,0.441176470588235
"106","CWT+DHE","T1",60,34,14,0.411764705882353
"107","CWT+DHE","T1",67,34,14,0.411764705882353
"108","CWT+DHE","T1",70,34,13,0.382352941176471
"109","CWT+DHE","T11",11,88,88,1
"110","CWT+DHE","T11",18,88,79,0.897727272727273
"111","CWT+DHE","T11",24,88,77,0.875
"112","CWT+DHE","T11",38,88,71,0.806818181818182
"113","CWT+DHE","T11",46,88,51,0.579545454545455
"114","CWT+DHE","T11",54,88,49,0.556818181818182
"115","CWT+DHE","T11",60,88,48,0.545454545454545
"116","CWT+DHE","T11",67,88,48,0.545454545454545
"117","CWT+DHE","T11",70,88,45,0.511363636363636
"118","CWT+DHE","T15",11,13,13,1
"119","CWT+DHE","T15",18,13,13,1
"120","CWT+DHE","T15",24,13,12,0.923076923076923
"121","CWT+DHE","T15",38,13,11,0.846153846153846
"122","CWT+DHE","T15",46,13,11,0.846153846153846
"123","CWT+DHE","T15",54,13,10,0.769230769230769
"124","CWT+DHE","T15",60,13,10,0.769230769230769
"125","CWT+DHE","T15",67,13,10,0.769230769230769
"126","CWT+DHE","T15",70,13,10,0.769230769230769
"127","CWT+DHE","T23",11,158,158,1
"128","CWT+DHE","T23",18,158,141,0.892405063291139
"129","CWT+DHE","T23",24,158,138,0.873417721518987
"130","CWT+DHE","T23",38,158,128,0.810126582278481
"131","CWT+DHE","T23",46,158,79,0.5
"132","CWT+DHE","T23",54,158,79,0.5
"133","CWT+DHE","T23",60,158,79,0.5
"134","CWT+DHE","T23",67,158,79,0.5
"135","CWT+DHE","T23",70,158,75,0.474683544303797
"136","CWT+DWT","T13",11,62,62,1
"137","CWT+DWT","T13",18,62,52,0.838709677419355
"138","CWT+DWT","T13",24,62,47,0.758064516129032
"139","CWT+DWT","T13",38,62,44,0.709677419354839
"140","CWT+DWT","T13",46,62,44,0.709677419354839
"141","CWT+DWT","T13",54,62,44,0.709677419354839
"142","CWT+DWT","T13",60,62,41,0.661290322580645
"143","CWT+DWT","T13",67,62,39,0.629032258064516
"144","CWT+DWT","T13",70,62,39,0.629032258064516
"145","CWT+DWT","T26",11,91,91,1
"146","CWT+DWT","T26",18,91,83,0.912087912087912
"147","CWT+DWT","T26",24,91,81,0.89010989010989
"148","CWT+DWT","T26",38,91,77,0.846153846153846
"149","CWT+DWT","T26",46,91,77,0.846153846153846
"150","CWT+DWT","T26",54,91,77,0.846153846153846
"151","CWT+DWT","T26",60,91,75,0.824175824175824
"152","CWT+DWT","T26",67,91,75,0.824175824175824
"153","CWT+DWT","T26",70,91,72,0.791208791208791
"154","CWT+DWT","T27",11,48,48,1
"155","CWT+DWT","T27",18,48,45,0.9375
"156","CWT+DWT","T27",24,48,43,0.895833333333333
"157","CWT+DWT","T27",38,48,37,0.770833333333333
"158","CWT+DWT","T27",46,48,37,0.770833333333333
"159","CWT+DWT","T27",54,48,37,0.770833333333333
"160","CWT+DWT","T27",60,48,37,0.770833333333333
"161","CWT+DWT","T27",67,48,37,0.770833333333333
"162","CWT+DWT","T27",70,48,37,0.770833333333333
"163","CWT+DWT","T8",11,67,67,1
"164","CWT+DWT","T8",18,67,58,0.865671641791045
"165","CWT+DWT","T8",24,67,53,0.791044776119403
"166","CWT+DWT","T8",38,67,51,0.761194029850746
"167","CWT+DWT","T8",46,67,51,0.761194029850746
"168","CWT+DWT","T8",54,67,51,0.761194029850746
"169","CWT+DWT","T8",60,67,51,0.761194029850746
"170","CWT+DWT","T8",67,67,51,0.761194029850746
"171","CWT+DWT","T8",70,67,50,0.746268656716418
"172","DHE","T24",11,117,117,1
"173","DHE","T24",18,117,95,0.811965811965812
"174","DHE","T24",24,117,90,0.769230769230769
"175","DHE","T24",38,117,67,0.572649572649573
"176","DHE","T24",46,117,66,0.564102564102564
"177","DHE","T24",54,117,66,0.564102564102564
"178","DHE","T24",60,117,66,0.564102564102564
"179","DHE","T24",67,117,66,0.564102564102564
"180","DHE","T24",70,117,66,0.564102564102564
"181","DHE","T3",11,49,49,1
"182","DHE","T3",18,49,39,0.795918367346939
"183","DHE","T3",24,49,37,0.755102040816326
"184","DHE","T3",38,49,31,0.63265306122449
"185","DHE","T3",46,49,30,0.612244897959184
"186","DHE","T3",54,49,30,0.612244897959184
"187","DHE","T3",60,49,30,0.612244897959184
"188","DHE","T3",67,49,30,0.612244897959184
"189","DHE","T3",70,49,27,0.551020408163265
"190","DHE","T9",11,45,45,1
"191","DHE","T9",18,45,41,0.911111111111111
"192","DHE","T9",24,45,41,0.911111111111111
"193","DHE","T9",38,45,37,0.822222222222222
"194","DHE","T9",46,45,31,0.688888888888889
"195","DHE","T9",54,45,31,0.688888888888889
"196","DHE","T9",60,45,31,0.688888888888889
"197","DHE","T9",67,45,31,0.688888888888889
"198","DHE","T9",70,45,27,0.6
"199","DWT","T10",11,61,61,1
"200","DWT","T10",18,61,53,0.868852459016393
"201","DWT","T10",24,61,51,0.836065573770492
"202","DWT","T10",38,61,40,0.655737704918033
"203","DWT","T10",46,61,39,0.639344262295082
"204","DWT","T10",54,61,39,0.639344262295082
"205","DWT","T10",60,61,39,0.639344262295082
"206","DWT","T10",67,61,38,0.622950819672131
"207","DWT","T10",70,61,36,0.590163934426229
"208","DWT","T17",11,79,79,1
"209","DWT","T17",18,79,75,0.949367088607595
"210","DWT","T17",24,79,72,0.911392405063291
"211","DWT","T17",38,79,59,0.746835443037975
"212","DWT","T17",46,79,51,0.645569620253165
"213","DWT","T17",54,79,50,0.632911392405063
"214","DWT","T17",60,79,46,0.582278481012658
"215","DWT","T17",67,79,45,0.569620253164557
"216","DWT","T17",70,79,42,0.531645569620253
"217","DWT","T18",11,67,67,1
"218","DWT","T18",18,67,60,0.895522388059702
"219","DWT","T18",24,67,55,0.82089552238806
"220","DWT","T18",38,67,50,0.746268656716418
"221","DWT","T18",46,67,50,0.746268656716418
"222","DWT","T18",54,67,49,0.73134328358209
"223","DWT","T18",60,67,49,0.73134328358209
"224","DWT","T18",67,67,48,0.716417910447761
"225","DWT","T18",70,67,47,0.701492537313433
"226","DWT","T25",11,47,47,1
"227","DWT","T25",18,47,41,0.872340425531915
"228","DWT","T25",24,47,41,0.872340425531915
"229","DWT","T25",38,47,35,0.74468085106383
"230","DWT","T25",46,47,34,0.723404255319149
"231","DWT","T25",54,47,27,0.574468085106383
"232","DWT","T25",60,47,27,0.574468085106383
"233","DWT","T25",67,47,27,0.574468085106383
"234","DWT","T25",70,47,22,0.468085106382979
